Time,Topic_Relevance,Topic_Keywords,Polarity_Diff
2016-08-21 20:50:00,0.091326040081,"closing, ceremony",3.7
2016-08-21 21:00:00,0.0937982886546,"closing, ceremony",3.7
2016-08-21 21:10:00,0.0962451427373,"closing, ceremony",3.7
2016-08-21 21:20:00,0.0953169469969,"closing, ceremony",3.7
2016-08-21 21:30:00,0.0962955403203,"closing, ceremony",3.7
2016-08-21 21:40:00,0.0956173225426,"closing, ceremony",3.7
2016-08-21 21:50:00,0.103245240182,"closing, ceremony",3.7
2016-08-21 22:00:00,0.104319279979,"closing, ceremony",3.7
2016-08-21 22:10:00,0.103785730854,"closing, ceremony",3.7
2016-08-21 22:20:00,0.116682134589,"closing, ceremony",3.7
2016-08-21 22:30:00,0.115852596396,"closing, ceremony",3.7
2016-08-21 22:40:00,0.110081933376,"closing, ceremony",3.7
2016-08-21 22:50:00,0.133016967941,"closing, ceremony",3.7
2016-08-21 23:00:00,0.168588365275,"closing, ceremony",3.7
2016-08-21 23:10:00,0.16143666081,"closing, ceremony",3.7
2016-08-21 23:20:00,0.145012952702,"closing, ceremony",3.7
2016-08-21 23:30:00,0.139868040713,"closing, ceremony",3.7
2016-08-21 23:40:00,0.137921942181,"closing, ceremony",3.7
2016-08-21 23:50:00,0.135141674746,"closing, ceremony",3.7
2016-08-22 00:00:00,0.155775548667,"closing, ceremony",3.7
2016-08-22 00:10:00,0.157475329131,"closing, ceremony",3.7
2016-08-22 00:20:00,0.149302232913,"closing, ceremony",3.7
2016-08-22 00:30:00,0.144799840828,"closing, ceremony",3.7
2016-08-22 00:40:00,0.148796276662,"closing, ceremony",3.7
2016-08-22 00:50:00,0.149942299855,"closing, ceremony",3.7
2016-08-22 01:00:00,0.143204810957,"closing, ceremony",3.7
2016-08-22 01:10:00,0.135841700442,"closing, ceremony",3.7
2016-08-22 01:20:00,0.139383793793,"closing, ceremony",3.7
2016-08-22 01:30:00,0.140975197726,"closing, ceremony",3.7
2016-08-22 01:40:00,0.130647088207,"closing, ceremony",3.7
2016-08-22 01:50:00,0.138962178564,"closing, ceremony",3.7
2016-08-22 02:00:00,0.14284846818,"closing, ceremony",3.7
2016-08-22 02:10:00,0.148310835178,"closing, ceremony",3.7
2016-08-22 02:20:00,0.128769513046,"closing, ceremony",3.7
2016-08-22 02:30:00,0.120987298156,"closing, ceremony",3.7
2016-08-22 02:40:00,0.125997058293,"closing, ceremony",3.7
2016-08-22 02:50:00,0.123248094503,"closing, ceremony",3.7
2016-08-22 03:00:00,0.136988628419,"closing, ceremony",3.7
2016-08-22 03:30:00,0.127863537586,"closing, ceremony",3.7
2016-08-22 03:40:00,0.132271642221,"closing, ceremony",3.7
2016-08-22 03:50:00,0.138562974985,"closing, ceremony",3.7
2016-08-22 04:00:00,0.136508267675,"closing, ceremony",3.7
2016-08-22 04:10:00,0.123642372565,"closing, ceremony",3.7
2016-08-22 04:20:00,0.127955240064,"closing, ceremony",3.7
2016-08-22 04:30:00,0.131366792077,"closing, ceremony",3.7
2016-08-22 04:40:00,0.122340853096,"closing, ceremony",3.7
2016-08-22 04:50:00,0.129144829103,"closing, ceremony",3.7
2016-08-22 05:00:00,0.125961542483,"closing, ceremony",3.7
2016-08-22 05:10:00,0.127394179103,"closing, ceremony",3.7
2016-08-22 05:20:00,0.163961383131,"closing, ceremony",3.7
2016-08-22 05:30:00,0.129493346088,"closing, ceremony",3.7
2016-08-22 05:40:00,0.122758340782,"closing, ceremony",3.7
2016-08-22 05:50:00,0.130495906221,"closing, ceremony",3.7
2016-08-22 06:00:00,0.127973376798,"closing, ceremony",3.7
2016-08-22 06:10:00,0.128472982821,"closing, ceremony",3.7
2016-08-22 06:20:00,0.12280940979,"closing, ceremony",3.7
2016-08-22 06:30:00,0.116263503722,"closing, ceremony",3.7
2016-08-22 06:40:00,0.122060958902,"closing, ceremony",3.7
2016-08-22 06:50:00,0.117965632504,"closing, ceremony",3.7
2016-08-22 07:00:00,0.117448725164,"closing, ceremony",3.7
2016-08-22 07:10:00,0.115609342114,"closing, ceremony",3.7
2016-08-22 07:20:00,0.11238419109,"closing, ceremony",3.7
2016-08-22 07:30:00,0.111636288257,"closing, ceremony",3.7
2016-08-22 07:40:00,0.115424231903,"closing, ceremony",3.7
2016-08-22 07:50:00,0.101133787654,"closing, ceremony",3.7
2016-08-22 08:00:00,0.111925155694,"closing, ceremony",3.7
2016-08-22 08:10:00,0.114669616969,"closing, ceremony",3.7
2016-08-22 08:20:00,0.105636265016,"closing, ceremony",3.7
2016-08-22 08:30:00,0.114684477507,"closing, ceremony",3.7
2016-08-22 08:40:00,0.113708021346,"closing, ceremony",3.7
2016-08-22 08:50:00,0.106135820257,"closing, ceremony",3.7
2016-08-22 09:00:00,0.101753823966,"closing, ceremony",3.7
2016-08-22 09:10:00,0.114772263506,"closing, ceremony",3.7
2016-08-22 09:20:00,0.103694662502,"closing, ceremony",3.7
2016-08-22 09:30:00,0.108026163097,"closing, ceremony",3.7
2016-08-22 09:40:00,0.110698017881,"closing, ceremony",3.7
2016-08-22 09:50:00,0.110258018437,"closing, ceremony",3.7
2016-08-22 10:00:00,0.105130385949,"closing, ceremony",3.7
2016-08-22 10:10:00,0.110241209431,"closing, ceremony",3.7
2016-08-22 10:20:00,0.104152179874,"closing, ceremony",3.7
2016-08-21 20:50:00,0.0840814960407,"latest, thanks, daily",21.4
2016-08-21 21:00:00,0.0832047198024,"latest, thanks, daily",21.4
2016-08-21 21:10:00,0.0841028287662,"latest, thanks, daily",21.4
2016-08-21 21:20:00,0.0863731002077,"latest, thanks, daily",21.4
2016-08-21 21:30:00,0.0863303469765,"latest, thanks, daily",21.4
2016-08-21 21:40:00,0.0853776987665,"latest, thanks, daily",21.4
2016-08-21 21:50:00,0.0844986469102,"latest, thanks, daily",21.4
2016-08-21 22:00:00,0.0830837951384,"latest, thanks, daily",21.4
2016-08-21 22:10:00,0.0791611325243,"latest, thanks, daily",21.4
2016-08-21 22:20:00,0.0774548987916,"latest, thanks, daily",21.4
2016-08-21 22:30:00,0.0727951503939,"latest, thanks, daily",21.4
2016-08-21 22:40:00,0.0765504619843,"latest, thanks, daily",21.4
2016-08-21 22:50:00,0.0734097203744,"latest, thanks, daily",21.4
2016-08-21 23:00:00,0.0568861247694,"latest, thanks, daily",21.4
2016-08-21 23:10:00,0.0641391626005,"latest, thanks, daily",21.4
2016-08-21 23:20:00,0.0711471262967,"latest, thanks, daily",21.4
2016-08-21 23:30:00,0.0724973713478,"latest, thanks, daily",21.4
2016-08-21 23:40:00,0.0745112346179,"latest, thanks, daily",21.4
2016-08-21 23:50:00,0.0729062671404,"latest, thanks, daily",21.4
2016-08-22 00:00:00,0.0682385959241,"latest, thanks, daily",21.4
2016-08-22 00:10:00,0.0674580249584,"latest, thanks, daily",21.4
2016-08-22 00:20:00,0.0746248660719,"latest, thanks, daily",21.4
2016-08-22 00:30:00,0.0776152198044,"latest, thanks, daily",21.4
2016-08-22 00:40:00,0.0716460496976,"latest, thanks, daily",21.4
2016-08-22 00:50:00,0.0657399293057,"latest, thanks, daily",21.4
2016-08-22 01:00:00,0.0705171914712,"latest, thanks, daily",21.4
2016-08-22 01:10:00,0.0749970538758,"latest, thanks, daily",21.4
2016-08-22 01:20:00,0.0679281803013,"latest, thanks, daily",21.4
2016-08-22 01:30:00,0.0634892423285,"latest, thanks, daily",21.4
2016-08-22 01:40:00,0.0763556892261,"latest, thanks, daily",21.4
2016-08-22 01:50:00,0.069303544536,"latest, thanks, daily",21.4
2016-08-22 02:00:00,0.0667424766285,"latest, thanks, daily",21.4
2016-08-22 02:10:00,0.0658504050612,"latest, thanks, daily",21.4
2016-08-22 02:20:00,0.0706332698614,"latest, thanks, daily",21.4
2016-08-22 02:30:00,0.0753140465232,"latest, thanks, daily",21.4
2016-08-22 02:40:00,0.0727916683969,"latest, thanks, daily",21.4
2016-08-22 02:50:00,0.0722721582312,"latest, thanks, daily",21.4
2016-08-22 03:00:00,0.0670336730054,"latest, thanks, daily",21.4
2016-08-22 03:30:00,0.07048762382,"latest, thanks, daily",21.4
2016-08-22 03:40:00,0.0689204501484,"latest, thanks, daily",21.4
2016-08-22 03:50:00,0.0727109853204,"latest, thanks, daily",21.4
2016-08-22 04:00:00,0.0765009711238,"latest, thanks, daily",21.4
2016-08-22 04:10:00,0.0783003833191,"latest, thanks, daily",21.4
2016-08-22 04:20:00,0.0737075843347,"latest, thanks, daily",21.4
2016-08-22 04:30:00,0.0695963229307,"latest, thanks, daily",21.4
2016-08-22 04:40:00,0.0809640173902,"latest, thanks, daily",21.4
2016-08-22 04:50:00,0.0788266253788,"latest, thanks, daily",21.4
2016-08-22 05:00:00,0.0828623836208,"latest, thanks, daily",21.4
2016-08-22 05:10:00,0.0797351497947,"latest, thanks, daily",21.4
2016-08-22 05:20:00,0.0679371932565,"latest, thanks, daily",21.4
2016-08-22 05:30:00,0.0834664422379,"latest, thanks, daily",21.4
2016-08-22 05:40:00,0.0855507955726,"latest, thanks, daily",21.4
2016-08-22 05:50:00,0.080819202894,"latest, thanks, daily",21.4
2016-08-22 06:00:00,0.087583971492,"latest, thanks, daily",21.4
2016-08-22 06:10:00,0.0827207199803,"latest, thanks, daily",21.4
2016-08-22 06:20:00,0.0842395742293,"latest, thanks, daily",21.4
2016-08-22 06:30:00,0.0839071498009,"latest, thanks, daily",21.4
2016-08-22 06:40:00,0.0882707374707,"latest, thanks, daily",21.4
2016-08-22 06:50:00,0.0841680617477,"latest, thanks, daily",21.4
2016-08-22 07:00:00,0.0890803520663,"latest, thanks, daily",21.4
2016-08-22 07:10:00,0.0915995663779,"latest, thanks, daily",21.4
2016-08-22 07:20:00,0.104298955065,"latest, thanks, daily",21.4
2016-08-22 07:30:00,0.0935269879801,"latest, thanks, daily",21.4
2016-08-22 07:40:00,0.0952350355497,"latest, thanks, daily",21.4
2016-08-22 07:50:00,0.0977592309638,"latest, thanks, daily",21.4
2016-08-22 08:00:00,0.0915397613942,"latest, thanks, daily",21.4
2016-08-22 08:10:00,0.0989168768944,"latest, thanks, daily",21.4
2016-08-22 08:20:00,0.0965723645103,"latest, thanks, daily",21.4
2016-08-22 08:30:00,0.101104394041,"latest, thanks, daily",21.4
2016-08-22 08:40:00,0.105869766623,"latest, thanks, daily",21.4
2016-08-22 08:50:00,0.11252040173,"latest, thanks, daily",21.4
2016-08-22 09:00:00,0.10802162245,"latest, thanks, daily",21.4
2016-08-22 09:10:00,0.10141416232,"latest, thanks, daily",21.4
2016-08-22 09:20:00,0.113256074817,"latest, thanks, daily",21.4
2016-08-22 09:30:00,0.106155297627,"latest, thanks, daily",21.4
2016-08-22 09:40:00,0.0966665843177,"latest, thanks, daily",21.4
2016-08-22 09:50:00,0.109666398681,"latest, thanks, daily",21.4
2016-08-22 10:00:00,0.107739316683,"latest, thanks, daily",21.4
2016-08-22 10:10:00,0.0958603620573,"latest, thanks, daily",21.4
2016-08-22 10:20:00,0.0970532417333,"latest, thanks, daily",21.4
2016-08-21 20:50:00,-0.0608400720237,ðŸ˜‚,61.3
2016-08-21 21:00:00,-0.0608076920273,ðŸ˜‚,61.3
2016-08-21 21:10:00,-0.0627338378346,ðŸ˜‚,61.3
2016-08-21 21:20:00,-0.0614221639989,ðŸ˜‚,61.3
2016-08-21 21:30:00,-0.0624082107372,ðŸ˜‚,61.3
2016-08-21 21:40:00,-0.0584573483863,ðŸ˜‚,61.3
2016-08-21 21:50:00,-0.0570306718829,ðŸ˜‚,61.3
2016-08-21 22:00:00,-0.0600826497301,ðŸ˜‚,61.3
2016-08-21 22:10:00,-0.0520381873953,ðŸ˜‚,61.3
2016-08-21 22:20:00,-0.0513880432593,ðŸ˜‚,61.3
2016-08-21 22:30:00,-0.0566300453542,ðŸ˜‚,61.3
2016-08-21 22:40:00,-0.0544971804328,ðŸ˜‚,61.3
2016-08-21 22:50:00,-0.0485379599176,ðŸ˜‚,61.3
2016-08-21 23:00:00,-0.0421678860014,ðŸ˜‚,61.3
2016-08-21 23:10:00,-0.0437743990007,ðŸ˜‚,61.3
2016-08-21 23:20:00,-0.0475857125968,ðŸ˜‚,61.3
2016-08-21 23:30:00,-0.0504079788189,ðŸ˜‚,61.3
2016-08-21 23:40:00,-0.050747234503,ðŸ˜‚,61.3
2016-08-21 23:50:00,-0.0477324892643,ðŸ˜‚,61.3
2016-08-22 00:00:00,-0.0449347876271,ðŸ˜‚,61.3
2016-08-22 00:10:00,-0.0443643105801,ðŸ˜‚,61.3
2016-08-22 00:20:00,-0.0426321842606,ðŸ˜‚,61.3
2016-08-22 00:30:00,-0.0497555675063,ðŸ˜‚,61.3
2016-08-22 00:40:00,-0.0454431117817,ðŸ˜‚,61.3
2016-08-22 00:50:00,-0.0415232656754,ðŸ˜‚,61.3
2016-08-22 01:00:00,-0.0439834220611,ðŸ˜‚,61.3
2016-08-22 01:10:00,-0.045539451231,ðŸ˜‚,61.3
2016-08-22 01:20:00,-0.0411034189641,ðŸ˜‚,61.3
2016-08-22 01:30:00,-0.0429741913682,ðŸ˜‚,61.3
2016-08-22 01:40:00,-0.0442986511993,ðŸ˜‚,61.3
2016-08-22 01:50:00,-0.0439506180248,ðŸ˜‚,61.3
2016-08-22 02:00:00,-0.0460542648966,ðŸ˜‚,61.3
2016-08-22 02:10:00,-0.0420501856731,ðŸ˜‚,61.3
2016-08-22 02:20:00,-0.0452147345824,ðŸ˜‚,61.3
2016-08-22 02:30:00,-0.0472772245575,ðŸ˜‚,61.3
2016-08-22 02:40:00,-0.0431575576459,ðŸ˜‚,61.3
2016-08-22 02:50:00,-0.0450094174219,ðŸ˜‚,61.3
2016-08-22 03:00:00,-0.0424567512565,ðŸ˜‚,61.3
2016-08-22 03:30:00,-0.0446646705829,ðŸ˜‚,61.3
2016-08-22 03:40:00,-0.0461805246998,ðŸ˜‚,61.3
2016-08-22 03:50:00,-0.0358479681143,ðŸ˜‚,61.3
2016-08-22 04:00:00,-0.0425268691769,ðŸ˜‚,61.3
2016-08-22 04:10:00,-0.0397118732268,ðŸ˜‚,61.3
2016-08-22 04:20:00,-0.0417235667943,ðŸ˜‚,61.3
2016-08-22 04:30:00,-0.0402646308417,ðŸ˜‚,61.3
2016-08-22 04:40:00,-0.0455266131014,ðŸ˜‚,61.3
2016-08-22 04:50:00,-0.0392519609526,ðŸ˜‚,61.3
2016-08-22 05:00:00,-0.04211946142,ðŸ˜‚,61.3
2016-08-22 05:10:00,-0.0384557584014,ðŸ˜‚,61.3
2016-08-22 05:20:00,-0.0353005661744,ðŸ˜‚,61.3
2016-08-22 05:30:00,-0.0453202433227,ðŸ˜‚,61.3
2016-08-22 05:40:00,-0.048619281875,ðŸ˜‚,61.3
2016-08-22 05:50:00,-0.0430145775663,ðŸ˜‚,61.3
2016-08-22 06:00:00,-0.0460442029795,ðŸ˜‚,61.3
2016-08-22 06:10:00,-0.0456530120131,ðŸ˜‚,61.3
2016-08-22 06:20:00,-0.0468926537784,ðŸ˜‚,61.3
2016-08-22 06:30:00,-0.0474099151027,ðŸ˜‚,61.3
2016-08-22 06:40:00,-0.0421802325403,ðŸ˜‚,61.3
2016-08-22 06:50:00,-0.0448209306211,ðŸ˜‚,61.3
2016-08-22 07:00:00,-0.0484933506492,ðŸ˜‚,61.3
2016-08-22 07:10:00,-0.0484785248445,ðŸ˜‚,61.3
2016-08-22 07:20:00,-0.0461915719841,ðŸ˜‚,61.3
2016-08-22 07:30:00,-0.0502906866139,ðŸ˜‚,61.3
2016-08-22 07:40:00,-0.047103016827,ðŸ˜‚,61.3
2016-08-22 07:50:00,-0.0484849763048,ðŸ˜‚,61.3
2016-08-22 08:00:00,-0.0498229282684,ðŸ˜‚,61.3
2016-08-22 08:10:00,-0.0477604166517,ðŸ˜‚,61.3
2016-08-22 08:20:00,-0.0506907328579,ðŸ˜‚,61.3
2016-08-22 08:30:00,-0.0484016685557,ðŸ˜‚,61.3
2016-08-22 08:40:00,-0.0512640485991,ðŸ˜‚,61.3
2016-08-22 08:50:00,-0.050283146247,ðŸ˜‚,61.3
2016-08-22 09:00:00,-0.047433679516,ðŸ˜‚,61.3
2016-08-22 09:10:00,-0.0451126708832,ðŸ˜‚,61.3
2016-08-22 09:20:00,-0.0487119743946,ðŸ˜‚,61.3
2016-08-22 09:30:00,-0.0464001033273,ðŸ˜‚,61.3
2016-08-22 09:40:00,-0.0490741909931,ðŸ˜‚,61.3
2016-08-22 09:50:00,-0.0467096308877,ðŸ˜‚,61.3
2016-08-22 10:00:00,-0.0511615047295,ðŸ˜‚,61.3
2016-08-22 10:10:00,-0.0457398709712,ðŸ˜‚,61.3
2016-08-22 10:20:00,-0.046733981501,ðŸ˜‚,61.3
2016-08-21 20:50:00,-0.0303846104921,ðŸ˜¢,-45.2
2016-08-21 21:00:00,-0.0451277467759,ðŸ˜¢,-45.2
2016-08-21 21:10:00,-0.0471884146075,ðŸ˜¢,-45.2
2016-08-21 21:20:00,-0.0475586633102,ðŸ˜¢,-45.2
2016-08-21 21:30:00,-0.049258590357,ðŸ˜¢,-45.2
2016-08-21 21:40:00,-0.0470060224626,ðŸ˜¢,-45.2
2016-08-21 21:50:00,-0.0454960494892,ðŸ˜¢,-45.2
2016-08-21 22:00:00,-0.046151378346,ðŸ˜¢,-45.2
2016-08-21 22:10:00,-0.0438359022924,ðŸ˜¢,-45.2
2016-08-21 22:20:00,-0.0356493151096,ðŸ˜¢,-45.2
2016-08-21 22:30:00,-0.0380011078577,ðŸ˜¢,-45.2
2016-08-21 22:40:00,-0.0426943267463,ðŸ˜¢,-45.2
2016-08-21 22:50:00,-0.0279773856012,ðŸ˜¢,-45.2
2016-08-21 23:00:00,-0.00866646071972,ðŸ˜¢,-45.2
2016-08-21 23:10:00,-0.0107486277935,ðŸ˜¢,-45.2
2016-08-21 23:20:00,-0.0195245468605,ðŸ˜¢,-45.2
2016-08-21 23:30:00,-0.0159165048006,ðŸ˜¢,-45.2
2016-08-21 23:40:00,-0.0198126331529,ðŸ˜¢,-45.2
2016-08-21 23:50:00,-0.016096918785,ðŸ˜¢,-45.2
2016-08-22 00:00:00,-0.00308842492809,ðŸ˜¢,-45.2
2016-08-22 00:10:00,-0.00830581266789,ðŸ˜¢,-45.2
2016-08-22 00:20:00,-0.00644496233257,ðŸ˜¢,-45.2
2016-08-22 00:30:00,-0.0144781365603,ðŸ˜¢,-45.2
2016-08-22 00:40:00,-0.00255919459589,ðŸ˜¢,-45.2
2016-08-22 00:50:00,-0.00086565426227,ðŸ˜¢,-45.2
2016-08-22 01:00:00,-0.00115270231406,ðŸ˜¢,-45.2
2016-08-22 01:10:00,-0.00567299398525,ðŸ˜¢,-45.2
2016-08-22 01:20:00,0.0128897567347,ðŸ˜¢,-45.2
2016-08-22 01:30:00,0.00727676942952,ðŸ˜¢,-45.2
2016-08-22 01:40:00,0.00425268156583,ðŸ˜¢,-45.2
2016-08-22 01:50:00,0.0121892598083,ðŸ˜¢,-45.2
2016-08-22 02:00:00,0.00533126660018,ðŸ˜¢,-45.2
2016-08-22 02:10:00,-0.00726442201162,ðŸ˜¢,-45.2
2016-08-22 02:20:00,0.0060940588622,ðŸ˜¢,-45.2
2016-08-22 02:30:00,0.0125979238493,ðŸ˜¢,-45.2
2016-08-22 02:40:00,-0.0093286899051,ðŸ˜¢,-45.2
2016-08-22 02:50:00,-0.0154813471979,ðŸ˜¢,-45.2
2016-08-22 03:00:00,-0.0118279212945,ðŸ˜¢,-45.2
2016-08-22 03:30:00,-0.015374815245,ðŸ˜¢,-45.2
2016-08-22 03:40:00,-0.0208396880591,ðŸ˜¢,-45.2
2016-08-22 03:50:00,-0.0186039924344,ðŸ˜¢,-45.2
2016-08-22 04:00:00,-0.0226512589771,ðŸ˜¢,-45.2
2016-08-22 04:10:00,-0.0247952557093,ðŸ˜¢,-45.2
2016-08-22 04:20:00,-0.0150989115571,ðŸ˜¢,-45.2
2016-08-22 04:30:00,-0.0146811672691,ðŸ˜¢,-45.2
2016-08-22 04:40:00,-0.0197409682648,ðŸ˜¢,-45.2
2016-08-22 04:50:00,-0.0239459816977,ðŸ˜¢,-45.2
2016-08-22 05:00:00,-0.029995221524,ðŸ˜¢,-45.2
2016-08-22 05:10:00,-0.0289804835934,ðŸ˜¢,-45.2
2016-08-22 05:20:00,-0.0226655929414,ðŸ˜¢,-45.2
2016-08-22 05:30:00,-0.0198444179094,ðŸ˜¢,-45.2
2016-08-22 05:40:00,-0.0250664231818,ðŸ˜¢,-45.2
2016-08-22 05:50:00,-0.0338829859257,ðŸ˜¢,-45.2
2016-08-22 06:00:00,-0.0367062906507,ðŸ˜¢,-45.2
2016-08-22 06:10:00,-0.0391626547682,ðŸ˜¢,-45.2
2016-08-22 06:20:00,-0.0398254203575,ðŸ˜¢,-45.2
2016-08-22 06:30:00,-0.0390900232929,ðŸ˜¢,-45.2
2016-08-22 06:40:00,-0.0400429122202,ðŸ˜¢,-45.2
2016-08-22 06:50:00,-0.0385040849522,ðŸ˜¢,-45.2
2016-08-22 07:00:00,-0.0423268121595,ðŸ˜¢,-45.2
2016-08-22 07:10:00,-0.0419275583598,ðŸ˜¢,-45.2
2016-08-22 07:20:00,-0.0378732754058,ðŸ˜¢,-45.2
2016-08-22 07:30:00,-0.0411086421347,ðŸ˜¢,-45.2
2016-08-22 07:40:00,-0.0384466825662,ðŸ˜¢,-45.2
2016-08-22 07:50:00,-0.0436778773425,ðŸ˜¢,-45.2
2016-08-22 08:00:00,-0.0419220770432,ðŸ˜¢,-45.2
2016-08-22 08:10:00,-0.0424110868341,ðŸ˜¢,-45.2
2016-08-22 08:20:00,-0.0477966723989,ðŸ˜¢,-45.2
2016-08-22 08:30:00,-0.0457450804689,ðŸ˜¢,-45.2
2016-08-22 08:40:00,-0.0472946397839,ðŸ˜¢,-45.2
2016-08-22 08:50:00,-0.0424153409939,ðŸ˜¢,-45.2
2016-08-22 09:00:00,-0.0416659295075,ðŸ˜¢,-45.2
2016-08-22 09:10:00,-0.0449963328554,ðŸ˜¢,-45.2
2016-08-22 09:20:00,-0.0463529722242,ðŸ˜¢,-45.2
2016-08-22 09:30:00,-0.0435575036741,ðŸ˜¢,-45.2
2016-08-22 09:40:00,-0.0464949095316,ðŸ˜¢,-45.2
2016-08-22 09:50:00,-0.0520642622045,ðŸ˜¢,-45.2
2016-08-22 10:00:00,-0.0438645747161,ðŸ˜¢,-45.2
2016-08-22 10:10:00,-0.0472447424305,ðŸ˜¢,-45.2
2016-08-22 10:20:00,-0.0345196850861,ðŸ˜¢,-45.2
2016-08-21 20:50:00,-0.00839060328452,love,58.0
2016-08-21 21:00:00,-0.0224905352504,love,58.0
2016-08-21 21:10:00,-0.0203613340984,love,58.0
2016-08-21 21:20:00,-0.0172133387554,love,58.0
2016-08-21 21:30:00,-0.0197307550415,love,58.0
2016-08-21 21:40:00,-0.0217348462342,love,58.0
2016-08-21 21:50:00,-0.0217030422317,love,58.0
2016-08-21 22:00:00,-0.0203397122264,love,58.0
2016-08-21 22:10:00,-0.0201043030817,love,58.0
2016-08-21 22:20:00,-0.0192172159692,love,58.0
2016-08-21 22:30:00,-0.0187543351437,love,58.0
2016-08-21 22:40:00,-0.0179692390284,love,58.0
2016-08-21 22:50:00,-0.0131781268697,love,58.0
2016-08-21 23:00:00,-0.00599399685734,love,58.0
2016-08-21 23:10:00,-9.18904050708e-05,love,58.0
2016-08-21 23:20:00,-0.00325849024891,love,58.0
2016-08-21 23:30:00,0.00305507957951,love,58.0
2016-08-21 23:40:00,0.00402175176814,love,58.0
2016-08-21 23:50:00,0.00393747174012,love,58.0
2016-08-22 00:00:00,0.00107326784664,love,58.0
2016-08-22 00:10:00,0.00595435016945,love,58.0
2016-08-22 00:20:00,0.00909154799397,love,58.0
2016-08-22 00:30:00,0.00513525472863,love,58.0
2016-08-22 00:40:00,0.0180316119882,love,58.0
2016-08-22 00:50:00,0.0184411250734,love,58.0
2016-08-22 01:00:00,0.0151752202363,love,58.0
2016-08-22 01:10:00,0.00479792243639,love,58.0
2016-08-22 01:20:00,0.00489914868828,love,58.0
2016-08-22 01:30:00,0.0163062245125,love,58.0
2016-08-22 01:40:00,0.00897264003517,love,58.0
2016-08-22 01:50:00,0.00507400004597,love,58.0
2016-08-22 02:00:00,-0.00140581166725,love,58.0
2016-08-22 02:10:00,0.00565779539853,love,58.0
2016-08-22 02:20:00,-0.00354207312353,love,58.0
2016-08-22 02:30:00,-0.00394098563561,love,58.0
2016-08-22 02:40:00,-0.00332041713999,love,58.0
2016-08-22 02:50:00,-0.00659776417025,love,58.0
2016-08-22 03:00:00,-0.00482663664816,love,58.0
2016-08-22 03:30:00,-0.00458755790078,love,58.0
2016-08-22 03:40:00,-0.00752437718312,love,58.0
2016-08-22 03:50:00,-0.00398876302414,love,58.0
2016-08-22 04:00:00,-0.00431107239393,love,58.0
2016-08-22 04:10:00,-0.00864962275692,love,58.0
2016-08-22 04:20:00,0.000413226060495,love,58.0
2016-08-22 04:30:00,0.0011074249134,love,58.0
2016-08-22 04:40:00,-0.00354281688833,love,58.0
2016-08-22 04:50:00,-0.0055099878191,love,58.0
2016-08-22 05:00:00,-0.00734617608528,love,58.0
2016-08-22 05:10:00,-0.00912233130222,love,58.0
2016-08-22 05:20:00,-0.010965063704,love,58.0
2016-08-22 05:30:00,-0.0107524501672,love,58.0
2016-08-22 05:40:00,-0.00729338548766,love,58.0
2016-08-22 05:50:00,-0.0114086487797,love,58.0
2016-08-22 06:00:00,-0.0120394516047,love,58.0
2016-08-22 06:10:00,-0.0204790529378,love,58.0
2016-08-22 06:20:00,-0.0170954665436,love,58.0
2016-08-22 06:30:00,-0.0153289328401,love,58.0
2016-08-22 06:40:00,-0.0134371689017,love,58.0
2016-08-22 06:50:00,-0.0183468355707,love,58.0
2016-08-22 07:00:00,-0.0141109016709,love,58.0
2016-08-22 07:10:00,-0.0177114282271,love,58.0
2016-08-22 07:20:00,-0.0115710035811,love,58.0
2016-08-22 07:30:00,-0.0155661984518,love,58.0
2016-08-22 07:40:00,-0.012301597795,love,58.0
2016-08-22 07:50:00,-0.0159701866203,love,58.0
2016-08-22 08:00:00,-0.0161991237565,love,58.0
2016-08-22 08:10:00,-0.0157121448532,love,58.0
2016-08-22 08:20:00,-0.0165779729675,love,58.0
2016-08-22 08:30:00,-0.0165021405495,love,58.0
2016-08-22 08:40:00,-0.0173008863894,love,58.0
2016-08-22 08:50:00,-0.012568025621,love,58.0
2016-08-22 09:00:00,-0.0131781277738,love,58.0
2016-08-22 09:10:00,-0.0176240521133,love,58.0
2016-08-22 09:20:00,-0.0183359908823,love,58.0
2016-08-22 09:30:00,-0.0151532021108,love,58.0
2016-08-22 09:40:00,-0.0221217993091,love,58.0
2016-08-22 09:50:00,-0.0207230540336,love,58.0
2016-08-22 10:00:00,-0.016243608304,love,58.0
2016-08-22 10:10:00,-0.019405137627,love,58.0
2016-08-22 10:20:00,-0.0119403577977,love,58.0
2016-08-21 20:50:00,-0.0209251744621,"tokyo, 2020, #closingceremony",7.0
2016-08-21 21:00:00,-0.0212287813718,"tokyo, 2020, #closingceremony",7.0
2016-08-21 21:10:00,-0.0225832993278,"tokyo, 2020, #closingceremony",7.0
2016-08-21 21:20:00,-0.0216481197011,"tokyo, 2020, #closingceremony",7.0
2016-08-21 21:30:00,-0.0147166674051,"tokyo, 2020, #closingceremony",7.0
2016-08-21 21:40:00,-0.0145738377985,"tokyo, 2020, #closingceremony",7.0
2016-08-21 21:50:00,-0.00900185517526,"tokyo, 2020, #closingceremony",7.0
2016-08-21 22:00:00,-0.0079879120168,"tokyo, 2020, #closingceremony",7.0
2016-08-21 22:10:00,-0.00641834193779,"tokyo, 2020, #closingceremony",7.0
2016-08-21 22:20:00,-0.00455913441047,"tokyo, 2020, #closingceremony",7.0
2016-08-21 22:30:00,-0.0042867388336,"tokyo, 2020, #closingceremony",7.0
2016-08-21 22:40:00,-0.00460898378789,"tokyo, 2020, #closingceremony",7.0
2016-08-21 22:50:00,0.00633401949117,"tokyo, 2020, #closingceremony",7.0
2016-08-21 23:00:00,0.0246696827139,"tokyo, 2020, #closingceremony",7.0
2016-08-21 23:10:00,0.0246538294944,"tokyo, 2020, #closingceremony",7.0
2016-08-21 23:20:00,0.020337265428,"tokyo, 2020, #closingceremony",7.0
2016-08-21 23:30:00,0.0257697918819,"tokyo, 2020, #closingceremony",7.0
2016-08-21 23:40:00,0.0283581620385,"tokyo, 2020, #closingceremony",7.0
2016-08-21 23:50:00,0.0301448460368,"tokyo, 2020, #closingceremony",7.0
2016-08-22 00:00:00,0.036716983872,"tokyo, 2020, #closingceremony",7.0
2016-08-22 00:10:00,0.0371946447618,"tokyo, 2020, #closingceremony",7.0
2016-08-22 00:20:00,0.0389119405983,"tokyo, 2020, #closingceremony",7.0
2016-08-22 00:30:00,0.0271540810484,"tokyo, 2020, #closingceremony",7.0
2016-08-22 00:40:00,0.0451096028935,"tokyo, 2020, #closingceremony",7.0
2016-08-22 00:50:00,0.12114128133,"tokyo, 2020, #closingceremony",7.0
2016-08-22 01:00:00,0.0902399469954,"tokyo, 2020, #closingceremony",7.0
2016-08-22 01:10:00,0.0614006925216,"tokyo, 2020, #closingceremony",7.0
2016-08-22 01:20:00,0.118711033558,"tokyo, 2020, #closingceremony",7.0
2016-08-22 01:30:00,0.137057984215,"tokyo, 2020, #closingceremony",7.0
2016-08-22 01:40:00,0.0807764714227,"tokyo, 2020, #closingceremony",7.0
2016-08-22 01:50:00,0.0663402677871,"tokyo, 2020, #closingceremony",7.0
2016-08-22 02:00:00,0.0560548914929,"tokyo, 2020, #closingceremony",7.0
2016-08-22 02:10:00,0.0587537688816,"tokyo, 2020, #closingceremony",7.0
2016-08-22 02:20:00,0.0457074196293,"tokyo, 2020, #closingceremony",7.0
2016-08-22 02:30:00,0.042375706909,"tokyo, 2020, #closingceremony",7.0
2016-08-22 02:40:00,0.0468496930055,"tokyo, 2020, #closingceremony",7.0
2016-08-22 02:50:00,0.0390712339047,"tokyo, 2020, #closingceremony",7.0
2016-08-22 03:00:00,0.0406275551971,"tokyo, 2020, #closingceremony",7.0
2016-08-22 03:30:00,0.0403667123063,"tokyo, 2020, #closingceremony",7.0
2016-08-22 03:40:00,0.042379256686,"tokyo, 2020, #closingceremony",7.0
2016-08-22 03:50:00,0.0388088242449,"tokyo, 2020, #closingceremony",7.0
2016-08-22 04:00:00,0.043477708582,"tokyo, 2020, #closingceremony",7.0
2016-08-22 04:10:00,0.0495604632688,"tokyo, 2020, #closingceremony",7.0
2016-08-22 04:20:00,0.0697914816136,"tokyo, 2020, #closingceremony",7.0
2016-08-22 04:30:00,0.0974216003336,"tokyo, 2020, #closingceremony",7.0
2016-08-22 04:40:00,0.0654889549695,"tokyo, 2020, #closingceremony",7.0
2016-08-22 04:50:00,0.0626941287489,"tokyo, 2020, #closingceremony",7.0
2016-08-22 05:00:00,0.0357283536809,"tokyo, 2020, #closingceremony",7.0
2016-08-22 05:10:00,0.04236564074,"tokyo, 2020, #closingceremony",7.0
2016-08-22 05:20:00,0.0302351275263,"tokyo, 2020, #closingceremony",7.0
2016-08-22 05:30:00,0.0265171650985,"tokyo, 2020, #closingceremony",7.0
2016-08-22 05:40:00,0.0421482297453,"tokyo, 2020, #closingceremony",7.0
2016-08-22 05:50:00,0.0233369428136,"tokyo, 2020, #closingceremony",7.0
2016-08-22 06:00:00,0.0307359447231,"tokyo, 2020, #closingceremony",7.0
2016-08-22 06:10:00,0.0246727507638,"tokyo, 2020, #closingceremony",7.0
2016-08-22 06:20:00,0.0193081485681,"tokyo, 2020, #closingceremony",7.0
2016-08-22 06:30:00,0.0269368500127,"tokyo, 2020, #closingceremony",7.0
2016-08-22 06:40:00,0.0196809869946,"tokyo, 2020, #closingceremony",7.0
2016-08-22 06:50:00,0.0180778342276,"tokyo, 2020, #closingceremony",7.0
2016-08-22 07:00:00,0.0219162431972,"tokyo, 2020, #closingceremony",7.0
2016-08-22 07:10:00,0.0224650897103,"tokyo, 2020, #closingceremony",7.0
2016-08-22 07:20:00,0.0185896981983,"tokyo, 2020, #closingceremony",7.0
2016-08-22 07:30:00,0.0256437312417,"tokyo, 2020, #closingceremony",7.0
2016-08-22 07:40:00,0.0152207750994,"tokyo, 2020, #closingceremony",7.0
2016-08-22 07:50:00,0.0262104167094,"tokyo, 2020, #closingceremony",7.0
2016-08-22 08:00:00,0.0259049679183,"tokyo, 2020, #closingceremony",7.0
2016-08-22 08:10:00,0.0189774500527,"tokyo, 2020, #closingceremony",7.0
2016-08-22 08:20:00,0.0192872525348,"tokyo, 2020, #closingceremony",7.0
2016-08-22 08:30:00,0.0127543131742,"tokyo, 2020, #closingceremony",7.0
2016-08-22 08:40:00,0.0154678820063,"tokyo, 2020, #closingceremony",7.0
2016-08-22 08:50:00,0.0249177940629,"tokyo, 2020, #closingceremony",7.0
2016-08-22 09:00:00,0.0177415349129,"tokyo, 2020, #closingceremony",7.0
2016-08-22 09:10:00,0.0181168908221,"tokyo, 2020, #closingceremony",7.0
2016-08-22 09:20:00,0.0152212519539,"tokyo, 2020, #closingceremony",7.0
2016-08-22 09:30:00,0.0218500716551,"tokyo, 2020, #closingceremony",7.0
2016-08-22 09:40:00,0.00754206581996,"tokyo, 2020, #closingceremony",7.0
2016-08-22 09:50:00,0.0110635652828,"tokyo, 2020, #closingceremony",7.0
2016-08-22 10:00:00,0.0158691440199,"tokyo, 2020, #closingceremony",7.0
2016-08-22 10:10:00,0.0200228098077,"tokyo, 2020, #closingceremony",7.0
2016-08-22 10:20:00,0.0250296074118,"tokyo, 2020, #closingceremony",7.0
2016-08-21 20:50:00,-0.0197002410816,"ðŸ‡¸, ðŸ‡º",8.6
2016-08-21 21:00:00,-0.0131489292777,"ðŸ‡¸, ðŸ‡º",8.6
2016-08-21 21:10:00,-0.0123872959522,"ðŸ‡¸, ðŸ‡º",8.6
2016-08-21 21:20:00,-0.0173398403072,"ðŸ‡¸, ðŸ‡º",8.6
2016-08-21 21:30:00,-0.0169120630888,"ðŸ‡¸, ðŸ‡º",8.6
2016-08-21 21:40:00,-0.0167135058223,"ðŸ‡¸, ðŸ‡º",8.6
2016-08-21 21:50:00,-0.0205082541767,"ðŸ‡¸, ðŸ‡º",8.6
2016-08-21 22:00:00,-0.0173230489363,"ðŸ‡¸, ðŸ‡º",8.6
2016-08-21 22:10:00,-0.0148871040982,"ðŸ‡¸, ðŸ‡º",8.6
2016-08-21 22:20:00,-0.0142814016703,"ðŸ‡¸, ðŸ‡º",8.6
2016-08-21 22:30:00,-0.0145473593947,"ðŸ‡¸, ðŸ‡º",8.6
2016-08-21 22:40:00,-0.0161396069621,"ðŸ‡¸, ðŸ‡º",8.6
2016-08-21 22:50:00,-0.0116091463678,"ðŸ‡¸, ðŸ‡º",8.6
2016-08-21 23:00:00,-0.00648138322387,"ðŸ‡¸, ðŸ‡º",8.6
2016-08-21 23:10:00,-0.00473501897577,"ðŸ‡¸, ðŸ‡º",8.6
2016-08-21 23:20:00,-0.00579946205998,"ðŸ‡¸, ðŸ‡º",8.6
2016-08-21 23:30:00,-0.00548482307617,"ðŸ‡¸, ðŸ‡º",8.6
2016-08-21 23:40:00,-0.0103936164263,"ðŸ‡¸, ðŸ‡º",8.6
2016-08-21 23:50:00,-0.00758472675364,"ðŸ‡¸, ðŸ‡º",8.6
2016-08-22 00:00:00,-0.00183481667621,"ðŸ‡¸, ðŸ‡º",8.6
2016-08-22 00:10:00,-0.00122780998723,"ðŸ‡¸, ðŸ‡º",8.6
2016-08-22 00:20:00,-0.00189658781866,"ðŸ‡¸, ðŸ‡º",8.6
2016-08-22 00:30:00,-0.00543269251848,"ðŸ‡¸, ðŸ‡º",8.6
2016-08-22 00:40:00,-0.00423776143894,"ðŸ‡¸, ðŸ‡º",8.6
2016-08-22 00:50:00,0.00803019922194,"ðŸ‡¸, ðŸ‡º",8.6
2016-08-22 01:00:00,0.00493701761541,"ðŸ‡¸, ðŸ‡º",8.6
2016-08-22 01:10:00,-0.000710593823169,"ðŸ‡¸, ðŸ‡º",8.6
2016-08-22 01:20:00,0.00708449254564,"ðŸ‡¸, ðŸ‡º",8.6
2016-08-22 01:30:00,0.0114862818769,"ðŸ‡¸, ðŸ‡º",8.6
2016-08-22 01:40:00,0.00194185552665,"ðŸ‡¸, ðŸ‡º",8.6
2016-08-22 01:50:00,-0.00244051532934,"ðŸ‡¸, ðŸ‡º",8.6
2016-08-22 02:00:00,-0.00133065145634,"ðŸ‡¸, ðŸ‡º",8.6
2016-08-22 02:10:00,0.000265185533881,"ðŸ‡¸, ðŸ‡º",8.6
2016-08-22 02:20:00,0.00229248891242,"ðŸ‡¸, ðŸ‡º",8.6
2016-08-22 02:30:00,0.00246961132275,"ðŸ‡¸, ðŸ‡º",8.6
2016-08-22 02:40:00,0.00164295550025,"ðŸ‡¸, ðŸ‡º",8.6
2016-08-22 02:50:00,0.00298095431513,"ðŸ‡¸, ðŸ‡º",8.6
2016-08-22 03:00:00,-0.000270574202434,"ðŸ‡¸, ðŸ‡º",8.6
2016-08-22 03:30:00,-0.00326857473354,"ðŸ‡¸, ðŸ‡º",8.6
2016-08-22 03:40:00,-0.000627905584078,"ðŸ‡¸, ðŸ‡º",8.6
2016-08-22 03:50:00,-0.00207774242008,"ðŸ‡¸, ðŸ‡º",8.6
2016-08-22 04:00:00,-0.00772238353999,"ðŸ‡¸, ðŸ‡º",8.6
2016-08-22 04:10:00,-0.00700040340109,"ðŸ‡¸, ðŸ‡º",8.6
2016-08-22 04:20:00,-0.00178870922038,"ðŸ‡¸, ðŸ‡º",8.6
2016-08-22 04:30:00,0.00554313750331,"ðŸ‡¸, ðŸ‡º",8.6
2016-08-22 04:40:00,-0.00133782527303,"ðŸ‡¸, ðŸ‡º",8.6
2016-08-22 04:50:00,-0.0037019750041,"ðŸ‡¸, ðŸ‡º",8.6
2016-08-22 05:00:00,-0.00865984772762,"ðŸ‡¸, ðŸ‡º",8.6
2016-08-22 05:10:00,-0.0105273107538,"ðŸ‡¸, ðŸ‡º",8.6
2016-08-22 05:20:00,-0.0114052024244,"ðŸ‡¸, ðŸ‡º",8.6
2016-08-22 05:30:00,-0.010223907731,"ðŸ‡¸, ðŸ‡º",8.6
2016-08-22 05:40:00,-0.0125613764593,"ðŸ‡¸, ðŸ‡º",8.6
2016-08-22 05:50:00,-0.0163386461342,"ðŸ‡¸, ðŸ‡º",8.6
2016-08-22 06:00:00,-0.0158800863905,"ðŸ‡¸, ðŸ‡º",8.6
2016-08-22 06:10:00,-0.0175125548853,"ðŸ‡¸, ðŸ‡º",8.6
2016-08-22 06:20:00,-0.0206051860763,"ðŸ‡¸, ðŸ‡º",8.6
2016-08-22 06:30:00,-0.0158884821912,"ðŸ‡¸, ðŸ‡º",8.6
2016-08-22 06:40:00,-0.0156894474973,"ðŸ‡¸, ðŸ‡º",8.6
2016-08-22 06:50:00,-0.0176136473701,"ðŸ‡¸, ðŸ‡º",8.6
2016-08-22 07:00:00,-0.0177812149645,"ðŸ‡¸, ðŸ‡º",8.6
2016-08-22 07:10:00,-0.0177659348686,"ðŸ‡¸, ðŸ‡º",8.6
2016-08-22 07:20:00,-0.0211747488022,"ðŸ‡¸, ðŸ‡º",8.6
2016-08-22 07:30:00,-0.0183990347635,"ðŸ‡¸, ðŸ‡º",8.6
2016-08-22 07:40:00,-0.0228118372312,"ðŸ‡¸, ðŸ‡º",8.6
2016-08-22 07:50:00,-0.0197534865091,"ðŸ‡¸, ðŸ‡º",8.6
2016-08-22 08:00:00,-0.0210016613313,"ðŸ‡¸, ðŸ‡º",8.6
2016-08-22 08:10:00,-0.0228546963775,"ðŸ‡¸, ðŸ‡º",8.6
2016-08-22 08:20:00,-0.0234211341955,"ðŸ‡¸, ðŸ‡º",8.6
2016-08-22 08:30:00,-0.0259838435481,"ðŸ‡¸, ðŸ‡º",8.6
2016-08-22 08:40:00,-0.0247885577409,"ðŸ‡¸, ðŸ‡º",8.6
2016-08-22 08:50:00,-0.0215406508405,"ðŸ‡¸, ðŸ‡º",8.6
2016-08-22 09:00:00,-0.0199444775442,"ðŸ‡¸, ðŸ‡º",8.6
2016-08-22 09:10:00,-0.0225896277348,"ðŸ‡¸, ðŸ‡º",8.6
2016-08-22 09:20:00,-0.0231980956257,"ðŸ‡¸, ðŸ‡º",8.6
2016-08-22 09:30:00,-0.0236765359385,"ðŸ‡¸, ðŸ‡º",8.6
2016-08-22 09:40:00,-0.0259525694034,"ðŸ‡¸, ðŸ‡º",8.6
2016-08-22 09:50:00,-0.0254701828185,"ðŸ‡¸, ðŸ‡º",8.6
2016-08-22 10:00:00,-0.0233110637099,"ðŸ‡¸, ðŸ‡º",8.6
2016-08-22 10:10:00,-0.0178349645394,"ðŸ‡¸, ðŸ‡º",8.6
2016-08-22 10:20:00,-0.0203468063665,"ðŸ‡¸, ðŸ‡º",8.6
2016-08-21 20:50:00,-0.0230441869337,"well, done",34.1
2016-08-21 21:00:00,-0.0198514469366,"well, done",34.1
2016-08-21 21:10:00,-0.00765858767837,"well, done",34.1
2016-08-21 21:20:00,-0.00738815304861,"well, done",34.1
2016-08-21 21:30:00,-0.00878925584017,"well, done",34.1
2016-08-21 21:40:00,-0.0160376771433,"well, done",34.1
2016-08-21 21:50:00,-0.00936210522404,"well, done",34.1
2016-08-21 22:00:00,-0.0110918889984,"well, done",34.1
2016-08-21 22:10:00,-0.0132223633455,"well, done",34.1
2016-08-21 22:20:00,-0.0130167702046,"well, done",34.1
2016-08-21 22:30:00,-0.00254273856751,"well, done",34.1
2016-08-21 22:40:00,-0.00142835624472,"well, done",34.1
2016-08-21 22:50:00,-0.000190822478843,"well, done",34.1
2016-08-21 23:00:00,0.0109365895183,"well, done",34.1
2016-08-21 23:10:00,0.0047766540033,"well, done",34.1
2016-08-21 23:20:00,0.00220171871405,"well, done",34.1
2016-08-21 23:30:00,0.0102844961336,"well, done",34.1
2016-08-21 23:40:00,0.00949969089819,"well, done",34.1
2016-08-21 23:50:00,0.00899352629335,"well, done",34.1
2016-08-22 00:00:00,0.00835148888868,"well, done",34.1
2016-08-22 00:10:00,0.00617286491068,"well, done",34.1
2016-08-22 00:20:00,0.00793601680284,"well, done",34.1
2016-08-22 00:30:00,0.000212661119927,"well, done",34.1
2016-08-22 00:40:00,0.00164210995517,"well, done",34.1
2016-08-22 00:50:00,-0.00587675894325,"well, done",34.1
2016-08-22 01:00:00,0.00194028358488,"well, done",34.1
2016-08-22 01:10:00,-0.00342854640017,"well, done",34.1
2016-08-22 01:20:00,-0.00792566225261,"well, done",34.1
2016-08-22 01:30:00,-0.013262375392,"well, done",34.1
2016-08-22 01:40:00,0.00439206993308,"well, done",34.1
2016-08-22 01:50:00,0.00666403437915,"well, done",34.1
2016-08-22 02:00:00,0.00573982340874,"well, done",34.1
2016-08-22 02:10:00,-0.000736207781612,"well, done",34.1
2016-08-22 02:20:00,0.00106661495338,"well, done",34.1
2016-08-22 02:30:00,0.00291285520469,"well, done",34.1
2016-08-22 02:40:00,-0.00638316580872,"well, done",34.1
2016-08-22 02:50:00,-0.0122696475406,"well, done",34.1
2016-08-22 03:00:00,-0.011626623356,"well, done",34.1
2016-08-22 03:30:00,-0.0156018609544,"well, done",34.1
2016-08-22 03:40:00,-0.0174899856472,"well, done",34.1
2016-08-22 03:50:00,-0.0124771375862,"well, done",34.1
2016-08-22 04:00:00,-0.0171834646421,"well, done",34.1
2016-08-22 04:10:00,-0.0194523792194,"well, done",34.1
2016-08-22 04:20:00,-0.0189424216913,"well, done",34.1
2016-08-22 04:30:00,-0.0243923891385,"well, done",34.1
2016-08-22 04:40:00,-0.0177817107709,"well, done",34.1
2016-08-22 04:50:00,-0.0146718946952,"well, done",34.1
2016-08-22 05:00:00,-0.0116347381916,"well, done",34.1
2016-08-22 05:10:00,-0.01908151558,"well, done",34.1
2016-08-22 05:20:00,-0.012185912168,"well, done",34.1
2016-08-22 05:30:00,-0.0103127595133,"well, done",34.1
2016-08-22 05:40:00,-0.0160465474132,"well, done",34.1
2016-08-22 05:50:00,-0.0156630706457,"well, done",34.1
2016-08-22 06:00:00,-0.0148638783465,"well, done",34.1
2016-08-22 06:10:00,-0.0153583319014,"well, done",34.1
2016-08-22 06:20:00,-0.0113067789588,"well, done",34.1
2016-08-22 06:30:00,-0.0080242237378,"well, done",34.1
2016-08-22 06:40:00,-0.0115335603738,"well, done",34.1
2016-08-22 06:50:00,-0.00882096361819,"well, done",34.1
2016-08-22 07:00:00,-0.00472547778425,"well, done",34.1
2016-08-22 07:10:00,-0.00560193731387,"well, done",34.1
2016-08-22 07:20:00,-0.00321428057193,"well, done",34.1
2016-08-22 07:30:00,-0.00169988931859,"well, done",34.1
2016-08-22 07:40:00,0.00135928563824,"well, done",34.1
2016-08-22 07:50:00,-0.0045463984168,"well, done",34.1
2016-08-22 08:00:00,0.000628428297417,"well, done",34.1
2016-08-22 08:10:00,-0.00127016556512,"well, done",34.1
2016-08-22 08:20:00,-0.00230361652363,"well, done",34.1
2016-08-22 08:30:00,0.00379758745253,"well, done",34.1
2016-08-22 08:40:00,-0.00569292204471,"well, done",34.1
2016-08-22 08:50:00,-0.000615877254583,"well, done",34.1
2016-08-22 09:00:00,0.000497650625569,"well, done",34.1
2016-08-22 09:10:00,-0.00607115072688,"well, done",34.1
2016-08-22 09:20:00,-0.00917936827249,"well, done",34.1
2016-08-22 09:30:00,-0.00827380322877,"well, done",34.1
2016-08-22 09:40:00,-0.00510694094745,"well, done",34.1
2016-08-22 09:50:00,-0.000704812828702,"well, done",34.1
2016-08-22 10:00:00,-0.00928332974725,"well, done",34.1
2016-08-22 10:10:00,-0.0148450653262,"well, done",34.1
2016-08-22 10:20:00,-0.00295470070166,"well, done",34.1
2016-08-21 20:50:00,0.0017304632075,sad,-37.5
2016-08-21 21:00:00,0.007188390183,sad,-37.5
2016-08-21 21:10:00,0.00548472916987,sad,-37.5
2016-08-21 21:20:00,0.00233681276513,sad,-37.5
2016-08-21 21:30:00,0.00348065741285,sad,-37.5
2016-08-21 21:40:00,0.000155700228878,sad,-37.5
2016-08-21 21:50:00,0.00131416684515,sad,-37.5
2016-08-21 22:00:00,-0.00425827796223,sad,-37.5
2016-08-21 22:10:00,-0.00320409059693,sad,-37.5
2016-08-21 22:20:00,-0.00344316228178,sad,-37.5
2016-08-21 22:30:00,-0.00394207575724,sad,-37.5
2016-08-21 22:40:00,-0.00447030802328,sad,-37.5
2016-08-21 22:50:00,-0.00542017282978,sad,-37.5
2016-08-21 23:00:00,-0.0377830031607,sad,-37.5
2016-08-21 23:10:00,-0.0431245501173,sad,-37.5
2016-08-21 23:20:00,-0.0361898577558,sad,-37.5
2016-08-21 23:30:00,-0.0481803616251,sad,-37.5
2016-08-21 23:40:00,-0.0441049418517,sad,-37.5
2016-08-21 23:50:00,-0.0452803900335,sad,-37.5
2016-08-22 00:00:00,-0.0497252006948,sad,-37.5
2016-08-22 00:10:00,-0.0527761053907,sad,-37.5
2016-08-22 00:20:00,-0.060308285104,sad,-37.5
2016-08-22 00:30:00,-0.0500285505351,sad,-37.5
2016-08-22 00:40:00,-0.0568570507678,sad,-37.5
2016-08-22 00:50:00,-0.0522402716357,sad,-37.5
2016-08-22 01:00:00,-0.0588469676843,sad,-37.5
2016-08-22 01:10:00,-0.0436547346424,sad,-37.5
2016-08-22 01:20:00,-0.0414595984364,sad,-37.5
2016-08-22 01:30:00,-0.0275976041347,sad,-37.5
2016-08-22 01:40:00,-0.0319360958506,sad,-37.5
2016-08-22 01:50:00,-0.0403488438817,sad,-37.5
2016-08-22 02:00:00,-0.0196905803816,sad,-37.5
2016-08-22 02:10:00,-0.0335753892755,sad,-37.5
2016-08-22 02:20:00,-0.00312284755472,sad,-37.5
2016-08-22 02:30:00,0.00375371054477,sad,-37.5
2016-08-22 02:40:00,0.000179212588277,sad,-37.5
2016-08-22 02:50:00,-0.00135551191962,sad,-37.5
2016-08-22 03:00:00,-0.00232964627451,sad,-37.5
2016-08-22 03:30:00,-0.00138672784111,sad,-37.5
2016-08-22 03:40:00,-0.00160107321461,sad,-37.5
2016-08-22 03:50:00,-0.00523612691605,sad,-37.5
2016-08-22 04:00:00,-0.00221787958497,sad,-37.5
2016-08-22 04:10:00,-0.00490586907772,sad,-37.5
2016-08-22 04:20:00,-0.00451273032905,sad,-37.5
2016-08-22 04:30:00,0.000734987449638,sad,-37.5
2016-08-22 04:40:00,-0.00161917586566,sad,-37.5
2016-08-22 04:50:00,-0.00580965346498,sad,-37.5
2016-08-22 05:00:00,-0.00770575452544,sad,-37.5
2016-08-22 05:10:00,-0.0034574750684,sad,-37.5
2016-08-22 05:20:00,-0.00033847132597,sad,-37.5
2016-08-22 05:30:00,-0.0007564574194,sad,-37.5
2016-08-22 05:40:00,-0.0203859317687,sad,-37.5
2016-08-22 05:50:00,-0.00504864963561,sad,-37.5
2016-08-22 06:00:00,-0.00128778551562,sad,-37.5
2016-08-22 06:10:00,0.000286888243922,sad,-37.5
2016-08-22 06:20:00,-0.00161768146937,sad,-37.5
2016-08-22 06:30:00,-0.00192530532847,sad,-37.5
2016-08-22 06:40:00,0.000656282441049,sad,-37.5
2016-08-22 06:50:00,-0.00460727251507,sad,-37.5
2016-08-22 07:00:00,-0.00380080272599,sad,-37.5
2016-08-22 07:10:00,-0.0016542244443,sad,-37.5
2016-08-22 07:20:00,-0.00104416592232,sad,-37.5
2016-08-22 07:30:00,-0.00392435975371,sad,-37.5
2016-08-22 07:40:00,-0.000839367091091,sad,-37.5
2016-08-22 07:50:00,-0.00225558696989,sad,-37.5
2016-08-22 08:00:00,0.00310524306123,sad,-37.5
2016-08-22 08:10:00,-0.00170058133911,sad,-37.5
2016-08-22 08:20:00,0.00563371853372,sad,-37.5
2016-08-22 08:30:00,0.00062723683645,sad,-37.5
2016-08-22 08:40:00,-0.00117938506208,sad,-37.5
2016-08-22 08:50:00,0.00476221381587,sad,-37.5
2016-08-22 09:00:00,0.00177103303895,sad,-37.5
2016-08-22 09:10:00,0.00207061953066,sad,-37.5
2016-08-22 09:20:00,0.0013749184199,sad,-37.5
2016-08-22 09:30:00,-0.0013915114981,sad,-37.5
2016-08-22 09:40:00,0.00281498447259,sad,-37.5
2016-08-22 09:50:00,0.00183884644448,sad,-37.5
2016-08-22 10:00:00,-0.00167219755109,sad,-37.5
2016-08-22 10:10:00,-0.000441781821333,sad,-37.5
2016-08-22 10:20:00,-0.00347625363555,sad,-37.5
2016-08-21 20:50:00,-0.00153695858068,"cheers, ðŸ‡§, great",48.7
2016-08-21 21:00:00,-8.97591478486e-05,"cheers, ðŸ‡§, great",48.7
2016-08-21 21:10:00,0.00510987439274,"cheers, ðŸ‡§, great",48.7
2016-08-21 21:20:00,0.00790284833962,"cheers, ðŸ‡§, great",48.7
2016-08-21 21:30:00,0.00619161140506,"cheers, ðŸ‡§, great",48.7
2016-08-21 21:40:00,0.00153717555468,"cheers, ðŸ‡§, great",48.7
2016-08-21 21:50:00,0.00770836449612,"cheers, ðŸ‡§, great",48.7
2016-08-21 22:00:00,0.00391280656737,"cheers, ðŸ‡§, great",48.7
2016-08-21 22:10:00,0.00599816875876,"cheers, ðŸ‡§, great",48.7
2016-08-21 22:20:00,0.00169868784428,"cheers, ðŸ‡§, great",48.7
2016-08-21 22:30:00,0.00942857854822,"cheers, ðŸ‡§, great",48.7
2016-08-21 22:40:00,0.00969300531708,"cheers, ðŸ‡§, great",48.7
2016-08-21 22:50:00,-0.000971494826598,"cheers, ðŸ‡§, great",48.7
2016-08-21 23:00:00,-0.00499825436655,"cheers, ðŸ‡§, great",48.7
2016-08-21 23:10:00,-0.00128039452535,"cheers, ðŸ‡§, great",48.7
2016-08-21 23:20:00,0.000160994161763,"cheers, ðŸ‡§, great",48.7
2016-08-21 23:30:00,0.00134908897817,"cheers, ðŸ‡§, great",48.7
2016-08-21 23:40:00,0.000294916298952,"cheers, ðŸ‡§, great",48.7
2016-08-21 23:50:00,-0.00158003720292,"cheers, ðŸ‡§, great",48.7
2016-08-22 00:00:00,-0.00885213212845,"cheers, ðŸ‡§, great",48.7
2016-08-22 00:10:00,-0.00478071505289,"cheers, ðŸ‡§, great",48.7
2016-08-22 00:20:00,-0.0056744952629,"cheers, ðŸ‡§, great",48.7
2016-08-22 00:30:00,-0.00797705257089,"cheers, ðŸ‡§, great",48.7
2016-08-22 00:40:00,-0.00535995740261,"cheers, ðŸ‡§, great",48.7
2016-08-22 00:50:00,-0.00272887272089,"cheers, ðŸ‡§, great",48.7
2016-08-22 01:00:00,-0.00509527236648,"cheers, ðŸ‡§, great",48.7
2016-08-22 01:10:00,-0.00317209145356,"cheers, ðŸ‡§, great",48.7
2016-08-22 01:20:00,-0.00363534116665,"cheers, ðŸ‡§, great",48.7
2016-08-22 01:30:00,-0.00240789795911,"cheers, ðŸ‡§, great",48.7
2016-08-22 01:40:00,-0.000886193722107,"cheers, ðŸ‡§, great",48.7
2016-08-22 01:50:00,-0.00293604582465,"cheers, ðŸ‡§, great",48.7
2016-08-22 02:00:00,-0.00150543584593,"cheers, ðŸ‡§, great",48.7
2016-08-22 02:10:00,-0.00302340031326,"cheers, ðŸ‡§, great",48.7
2016-08-22 02:20:00,-0.00404480190701,"cheers, ðŸ‡§, great",48.7
2016-08-22 02:30:00,-0.0043859763608,"cheers, ðŸ‡§, great",48.7
2016-08-22 02:40:00,0.00175934199866,"cheers, ðŸ‡§, great",48.7
2016-08-22 02:50:00,0.00178737586593,"cheers, ðŸ‡§, great",48.7
2016-08-22 03:00:00,-0.00290820094279,"cheers, ðŸ‡§, great",48.7
2016-08-22 03:30:00,-0.000226841350776,"cheers, ðŸ‡§, great",48.7
2016-08-22 03:40:00,0.000362327896006,"cheers, ðŸ‡§, great",48.7
2016-08-22 03:50:00,-0.00193251577064,"cheers, ðŸ‡§, great",48.7
2016-08-22 04:00:00,-0.000831223239511,"cheers, ðŸ‡§, great",48.7
2016-08-22 04:10:00,-0.00274956923909,"cheers, ðŸ‡§, great",48.7
2016-08-22 04:20:00,0.000392208563236,"cheers, ðŸ‡§, great",48.7
2016-08-22 04:30:00,0.0013308727804,"cheers, ðŸ‡§, great",48.7
2016-08-22 04:40:00,0.00174715336097,"cheers, ðŸ‡§, great",48.7
2016-08-22 04:50:00,-0.00191760611171,"cheers, ðŸ‡§, great",48.7
2016-08-22 05:00:00,-0.000811962761714,"cheers, ðŸ‡§, great",48.7
2016-08-22 05:10:00,0.00587556779483,"cheers, ðŸ‡§, great",48.7
2016-08-22 05:20:00,0.00490935046289,"cheers, ðŸ‡§, great",48.7
2016-08-22 05:30:00,-8.18868985187e-05,"cheers, ðŸ‡§, great",48.7
2016-08-22 05:40:00,0.00666699433099,"cheers, ðŸ‡§, great",48.7
2016-08-22 05:50:00,0.00391005203542,"cheers, ðŸ‡§, great",48.7
2016-08-22 06:00:00,0.00708734047434,"cheers, ðŸ‡§, great",48.7
2016-08-22 06:10:00,0.0134163756178,"cheers, ðŸ‡§, great",48.7
2016-08-22 06:20:00,0.010162195834,"cheers, ðŸ‡§, great",48.7
2016-08-22 06:30:00,0.00760961450437,"cheers, ðŸ‡§, great",48.7
2016-08-22 06:40:00,0.00878203262853,"cheers, ðŸ‡§, great",48.7
2016-08-22 06:50:00,0.00739395291847,"cheers, ðŸ‡§, great",48.7
2016-08-22 07:00:00,0.00920528357243,"cheers, ðŸ‡§, great",48.7
2016-08-22 07:10:00,0.0094190004728,"cheers, ðŸ‡§, great",48.7
2016-08-22 07:20:00,0.00858724947797,"cheers, ðŸ‡§, great",48.7
2016-08-22 07:30:00,0.0116248581614,"cheers, ðŸ‡§, great",48.7
2016-08-22 07:40:00,0.0193961435918,"cheers, ðŸ‡§, great",48.7
2016-08-22 07:50:00,0.0118439265314,"cheers, ðŸ‡§, great",48.7
2016-08-22 08:00:00,0.0122759401843,"cheers, ðŸ‡§, great",48.7
2016-08-22 08:10:00,0.00974757911771,"cheers, ðŸ‡§, great",48.7
2016-08-22 08:20:00,0.0088429980958,"cheers, ðŸ‡§, great",48.7
2016-08-22 08:30:00,0.00823484633922,"cheers, ðŸ‡§, great",48.7
2016-08-22 08:40:00,0.00788821251068,"cheers, ðŸ‡§, great",48.7
2016-08-22 08:50:00,0.00730524786879,"cheers, ðŸ‡§, great",48.7
2016-08-22 09:00:00,0.00900183109159,"cheers, ðŸ‡§, great",48.7
2016-08-22 09:10:00,0.0070687584274,"cheers, ðŸ‡§, great",48.7
2016-08-22 09:20:00,0.0149399300695,"cheers, ðŸ‡§, great",48.7
2016-08-22 09:30:00,0.0113248352828,"cheers, ðŸ‡§, great",48.7
2016-08-22 09:40:00,0.0130789180476,"cheers, ðŸ‡§, great",48.7
2016-08-22 09:50:00,0.00662222587544,"cheers, ðŸ‡§, great",48.7
2016-08-22 10:00:00,0.00682398272865,"cheers, ðŸ‡§, great",48.7
2016-08-22 10:10:00,0.0109283456828,"cheers, ðŸ‡§, great",48.7
2016-08-22 10:20:00,0.0119860350514,"cheers, ðŸ‡§, great",48.7
2016-08-21 20:50:00,0.0806103317042,"@olympics, @louis_tomlinson",1.3
2016-08-21 21:00:00,0.0277920850002,"@olympics, @louis_tomlinson",1.3
2016-08-21 21:10:00,0.0202042642071,"@olympics, @louis_tomlinson",1.3
2016-08-21 21:20:00,0.0172040151883,"@olympics, @louis_tomlinson",1.3
2016-08-21 21:30:00,0.00317849125563,"@olympics, @louis_tomlinson",1.3
2016-08-21 21:40:00,0.0064717344395,"@olympics, @louis_tomlinson",1.3
2016-08-21 21:50:00,0.00259415346293,"@olympics, @louis_tomlinson",1.3
2016-08-21 22:00:00,-0.00199029555069,"@olympics, @louis_tomlinson",1.3
2016-08-21 22:10:00,-0.00118989772689,"@olympics, @louis_tomlinson",1.3
2016-08-21 22:20:00,0.00457408126042,"@olympics, @louis_tomlinson",1.3
2016-08-21 22:30:00,-0.00762375998936,"@olympics, @louis_tomlinson",1.3
2016-08-21 22:40:00,-0.00842493226571,"@olympics, @louis_tomlinson",1.3
2016-08-21 22:50:00,-0.00302275367438,"@olympics, @louis_tomlinson",1.3
2016-08-21 23:00:00,-0.00314705203345,"@olympics, @louis_tomlinson",1.3
2016-08-21 23:10:00,-0.00604241924616,"@olympics, @louis_tomlinson",1.3
2016-08-21 23:20:00,-0.00718733388953,"@olympics, @louis_tomlinson",1.3
2016-08-21 23:30:00,-0.00792574491403,"@olympics, @louis_tomlinson",1.3
2016-08-21 23:40:00,-0.00831113339766,"@olympics, @louis_tomlinson",1.3
2016-08-21 23:50:00,-0.00599825348411,"@olympics, @louis_tomlinson",1.3
2016-08-22 00:00:00,-0.00486080352905,"@olympics, @louis_tomlinson",1.3
2016-08-22 00:10:00,-0.00332951469006,"@olympics, @louis_tomlinson",1.3
2016-08-22 00:20:00,-0.0073794615467,"@olympics, @louis_tomlinson",1.3
2016-08-22 00:30:00,-0.00256520545431,"@olympics, @louis_tomlinson",1.3
2016-08-22 00:40:00,-0.00151797909948,"@olympics, @louis_tomlinson",1.3
2016-08-22 00:50:00,0.0112176566738,"@olympics, @louis_tomlinson",1.3
2016-08-22 01:00:00,0.00135083855554,"@olympics, @louis_tomlinson",1.3
2016-08-22 01:10:00,-0.00417234594526,"@olympics, @louis_tomlinson",1.3
2016-08-22 01:20:00,0.00203033593307,"@olympics, @louis_tomlinson",1.3
2016-08-22 01:30:00,0.0137836447306,"@olympics, @louis_tomlinson",1.3
2016-08-22 01:40:00,0.00319389334361,"@olympics, @louis_tomlinson",1.3
2016-08-22 01:50:00,0.00323217588158,"@olympics, @louis_tomlinson",1.3
2016-08-22 02:00:00,-0.00138505754735,"@olympics, @louis_tomlinson",1.3
2016-08-22 02:10:00,-0.000625578985739,"@olympics, @louis_tomlinson",1.3
2016-08-22 02:20:00,-0.00387262954097,"@olympics, @louis_tomlinson",1.3
2016-08-22 02:30:00,-0.00756490167749,"@olympics, @louis_tomlinson",1.3
2016-08-22 02:40:00,-0.00546663106894,"@olympics, @louis_tomlinson",1.3
2016-08-22 02:50:00,-0.00362753300224,"@olympics, @louis_tomlinson",1.3
2016-08-22 03:00:00,-0.00315062931326,"@olympics, @louis_tomlinson",1.3
2016-08-22 03:30:00,-0.00703265853771,"@olympics, @louis_tomlinson",1.3
2016-08-22 03:40:00,-0.00652743730441,"@olympics, @louis_tomlinson",1.3
2016-08-22 03:50:00,-0.00572639934865,"@olympics, @louis_tomlinson",1.3
2016-08-22 04:00:00,-0.00303647053344,"@olympics, @louis_tomlinson",1.3
2016-08-22 04:10:00,-0.00295034105866,"@olympics, @louis_tomlinson",1.3
2016-08-22 04:20:00,-0.000864692473778,"@olympics, @louis_tomlinson",1.3
2016-08-22 04:30:00,-0.000601538712938,"@olympics, @louis_tomlinson",1.3
2016-08-22 04:40:00,-0.00326119238664,"@olympics, @louis_tomlinson",1.3
2016-08-22 04:50:00,-0.00522658673115,"@olympics, @louis_tomlinson",1.3
2016-08-22 05:00:00,-0.00538105756213,"@olympics, @louis_tomlinson",1.3
2016-08-22 05:10:00,-0.00854903854922,"@olympics, @louis_tomlinson",1.3
2016-08-22 05:20:00,0.000120309138184,"@olympics, @louis_tomlinson",1.3
2016-08-22 05:30:00,-0.00664297674634,"@olympics, @louis_tomlinson",1.3
2016-08-22 05:40:00,-0.00611222991962,"@olympics, @louis_tomlinson",1.3
2016-08-22 05:50:00,-0.00312969431529,"@olympics, @louis_tomlinson",1.3
2016-08-22 06:00:00,-0.0119261443384,"@olympics, @louis_tomlinson",1.3
2016-08-22 06:10:00,-0.014454467107,"@olympics, @louis_tomlinson",1.3
2016-08-22 06:20:00,-0.0109720586565,"@olympics, @louis_tomlinson",1.3
2016-08-22 06:30:00,-0.0110673714699,"@olympics, @louis_tomlinson",1.3
2016-08-22 06:40:00,-0.00919519059306,"@olympics, @louis_tomlinson",1.3
2016-08-22 06:50:00,-0.00872307876491,"@olympics, @louis_tomlinson",1.3
2016-08-22 07:00:00,-0.00703296922471,"@olympics, @louis_tomlinson",1.3
2016-08-22 07:10:00,-0.0108117802541,"@olympics, @louis_tomlinson",1.3
2016-08-22 07:20:00,-0.0136946551051,"@olympics, @louis_tomlinson",1.3
2016-08-22 07:30:00,-0.0126711559542,"@olympics, @louis_tomlinson",1.3
2016-08-22 07:40:00,-0.00933821870891,"@olympics, @louis_tomlinson",1.3
2016-08-22 07:50:00,-0.0145592257726,"@olympics, @louis_tomlinson",1.3
2016-08-22 08:00:00,-0.0144989645706,"@olympics, @louis_tomlinson",1.3
2016-08-22 08:10:00,-0.0144569022331,"@olympics, @louis_tomlinson",1.3
2016-08-22 08:20:00,-0.0134378771259,"@olympics, @louis_tomlinson",1.3
2016-08-22 08:30:00,-0.0153882692129,"@olympics, @louis_tomlinson",1.3
2016-08-22 08:40:00,-0.0147216978777,"@olympics, @louis_tomlinson",1.3
2016-08-22 08:50:00,-0.011970432069,"@olympics, @louis_tomlinson",1.3
2016-08-22 09:00:00,-0.0115231663199,"@olympics, @louis_tomlinson",1.3
2016-08-22 09:10:00,-0.0125857998419,"@olympics, @louis_tomlinson",1.3
2016-08-22 09:20:00,-0.0197283450462,"@olympics, @louis_tomlinson",1.3
2016-08-22 09:30:00,-0.0114661481451,"@olympics, @louis_tomlinson",1.3
2016-08-22 09:40:00,-0.0159505188291,"@olympics, @louis_tomlinson",1.3
2016-08-22 09:50:00,-0.0169168837579,"@olympics, @louis_tomlinson",1.3
2016-08-22 10:00:00,-0.0154365812249,"@olympics, @louis_tomlinson",1.3
2016-08-22 10:10:00,-0.00934444365981,"@olympics, @louis_tomlinson",1.3
2016-08-22 10:20:00,-0.00482218907462,"@olympics, @louis_tomlinson",1.3
2016-08-21 20:50:00,-0.00931395958992,"proud, lochte, ryan",-6.7
2016-08-21 21:00:00,-0.00648552408464,"proud, lochte, ryan",-6.7
2016-08-21 21:10:00,-0.00661949808355,"proud, lochte, ryan",-6.7
2016-08-21 21:20:00,-0.0074851806868,"proud, lochte, ryan",-6.7
2016-08-21 21:30:00,-0.00780208567527,"proud, lochte, ryan",-6.7
2016-08-21 21:40:00,-0.0119832816123,"proud, lochte, ryan",-6.7
2016-08-21 21:50:00,-0.0113046931025,"proud, lochte, ryan",-6.7
2016-08-21 22:00:00,-0.0134572248363,"proud, lochte, ryan",-6.7
2016-08-21 22:10:00,-0.0133925025422,"proud, lochte, ryan",-6.7
2016-08-21 22:20:00,-0.0110406701988,"proud, lochte, ryan",-6.7
2016-08-21 22:30:00,-0.0102179897968,"proud, lochte, ryan",-6.7
2016-08-21 22:40:00,-0.009154332684,"proud, lochte, ryan",-6.7
2016-08-21 22:50:00,-0.00906156770327,"proud, lochte, ryan",-6.7
2016-08-21 23:00:00,-0.00122411282008,"proud, lochte, ryan",-6.7
2016-08-21 23:10:00,-0.00411437347722,"proud, lochte, ryan",-6.7
2016-08-21 23:20:00,-0.00678574478089,"proud, lochte, ryan",-6.7
2016-08-21 23:30:00,-0.00672418991369,"proud, lochte, ryan",-6.7
2016-08-21 23:40:00,-0.00694782457308,"proud, lochte, ryan",-6.7
2016-08-21 23:50:00,-0.00223346993057,"proud, lochte, ryan",-6.7
2016-08-22 00:00:00,-0.00452047420326,"proud, lochte, ryan",-6.7
2016-08-22 00:10:00,-0.0021810472933,"proud, lochte, ryan",-6.7
2016-08-22 00:20:00,-1.2101951595e-05,"proud, lochte, ryan",-6.7
2016-08-22 00:30:00,0.00113450847912,"proud, lochte, ryan",-6.7
2016-08-22 00:40:00,-0.00711531876298,"proud, lochte, ryan",-6.7
2016-08-22 00:50:00,-0.0132850319545,"proud, lochte, ryan",-6.7
2016-08-22 01:00:00,-0.00870000928806,"proud, lochte, ryan",-6.7
2016-08-22 01:10:00,-0.0127788521752,"proud, lochte, ryan",-6.7
2016-08-22 01:20:00,-0.0134186585904,"proud, lochte, ryan",-6.7
2016-08-22 01:30:00,-0.0138071833578,"proud, lochte, ryan",-6.7
2016-08-22 01:40:00,-0.0114597663141,"proud, lochte, ryan",-6.7
2016-08-22 01:50:00,-0.0142805367275,"proud, lochte, ryan",-6.7
2016-08-22 02:00:00,-0.0138578229964,"proud, lochte, ryan",-6.7
2016-08-22 02:10:00,-0.0124261007669,"proud, lochte, ryan",-6.7
2016-08-22 02:20:00,-0.0132394043867,"proud, lochte, ryan",-6.7
2016-08-22 02:30:00,-0.0165984673591,"proud, lochte, ryan",-6.7
2016-08-22 02:40:00,-0.0186303178881,"proud, lochte, ryan",-6.7
2016-08-22 02:50:00,-0.0152188493865,"proud, lochte, ryan",-6.7
2016-08-22 03:00:00,-0.0143182133381,"proud, lochte, ryan",-6.7
2016-08-22 03:30:00,-0.0171787105873,"proud, lochte, ryan",-6.7
2016-08-22 03:40:00,-0.0153707955719,"proud, lochte, ryan",-6.7
2016-08-22 03:50:00,-0.0171989044394,"proud, lochte, ryan",-6.7
2016-08-22 04:00:00,-0.0131628456686,"proud, lochte, ryan",-6.7
2016-08-22 04:10:00,-0.014527929364,"proud, lochte, ryan",-6.7
2016-08-22 04:20:00,-0.0158281284852,"proud, lochte, ryan",-6.7
2016-08-22 04:30:00,-0.00857638610238,"proud, lochte, ryan",-6.7
2016-08-22 04:40:00,-0.0127069712957,"proud, lochte, ryan",-6.7
2016-08-22 04:50:00,-0.0127221577222,"proud, lochte, ryan",-6.7
2016-08-22 05:00:00,-0.0155412153432,"proud, lochte, ryan",-6.7
2016-08-22 05:10:00,-0.017262866454,"proud, lochte, ryan",-6.7
2016-08-22 05:20:00,-0.0162197292769,"proud, lochte, ryan",-6.7
2016-08-22 05:30:00,-0.0184087034756,"proud, lochte, ryan",-6.7
2016-08-22 05:40:00,-0.0171240735254,"proud, lochte, ryan",-6.7
2016-08-22 05:50:00,-0.0184854192738,"proud, lochte, ryan",-6.7
2016-08-22 06:00:00,-0.0187757460184,"proud, lochte, ryan",-6.7
2016-08-22 06:10:00,-0.0179741936406,"proud, lochte, ryan",-6.7
2016-08-22 06:20:00,-0.0198055900126,"proud, lochte, ryan",-6.7
2016-08-22 06:30:00,-0.0203271149585,"proud, lochte, ryan",-6.7
2016-08-22 06:40:00,-0.0159983072223,"proud, lochte, ryan",-6.7
2016-08-22 06:50:00,-0.019422316148,"proud, lochte, ryan",-6.7
2016-08-22 07:00:00,-0.0225546599322,"proud, lochte, ryan",-6.7
2016-08-22 07:10:00,-0.0239916951872,"proud, lochte, ryan",-6.7
2016-08-22 07:20:00,-0.0172929058092,"proud, lochte, ryan",-6.7
2016-08-22 07:30:00,-0.0178094704474,"proud, lochte, ryan",-6.7
2016-08-22 07:40:00,-0.0173207017136,"proud, lochte, ryan",-6.7
2016-08-22 07:50:00,-0.0226715128832,"proud, lochte, ryan",-6.7
2016-08-22 08:00:00,-0.0246631362555,"proud, lochte, ryan",-6.7
2016-08-22 08:10:00,-0.0225556018897,"proud, lochte, ryan",-6.7
2016-08-22 08:20:00,-0.0213636354029,"proud, lochte, ryan",-6.7
2016-08-22 08:30:00,-0.021601429151,"proud, lochte, ryan",-6.7
2016-08-22 08:40:00,-0.0271295445241,"proud, lochte, ryan",-6.7
2016-08-22 08:50:00,-0.024984037518,"proud, lochte, ryan",-6.7
2016-08-22 09:00:00,-0.0250787786506,"proud, lochte, ryan",-6.7
2016-08-22 09:10:00,-0.0233367713826,"proud, lochte, ryan",-6.7
2016-08-22 09:20:00,-0.0281502945052,"proud, lochte, ryan",-6.7
2016-08-22 09:30:00,-0.022546577023,"proud, lochte, ryan",-6.7
2016-08-22 09:40:00,-0.0265324645889,"proud, lochte, ryan",-6.7
2016-08-22 09:50:00,-0.0226786561079,"proud, lochte, ryan",-6.7
2016-08-22 10:00:00,-0.0251397772162,"proud, lochte, ryan",-6.7
2016-08-22 10:10:00,-0.0217094737059,"proud, lochte, ryan",-6.7
2016-08-22 10:20:00,-0.0298118268027,"proud, lochte, ryan",-6.7
